domain,bertscore_gold_median,bertscore_dist_median,drop_dist_pp_median
geography,0.9999964535236359,0.9916646480560303,0.0
history,0.9999996423721313,0.9999996423721313,0.0
literature,0.9999975264072418,0.9999982416629791,0.0
politics,0.9999983906745911,0.7610105276107788,0.0
science,0.8787616193294525,0.8787616193294525,0.0
