domain,bertscore_gold_median,bertscore_dist_median,drop_dist_pp_median
geography,0.991663247346878,0.9999964535236359,0.0
history,0.9999996423721313,0.9999996423721313,0.0
literature,0.9999978840351105,0.9999978840351105,0.0
politics,0.9879891574382782,0.9319296181201935,0.0
science,0.8787621259689331,0.8787621259689331,0.0
