{
  "micro_overall": {
    "exact_match_percent": 82.16666666666667,
    "f1_percent": 91.72619047619048,
    "n": 600
  },
  "by_setting": {
    "dist": {
      "exact_match_percent": 82.66666666666667,
      "f1_percent": 92.36825396825395,
      "n": 150
    },
    "gold": {
      "exact_match_percent": 86.0,
      "f1_percent": 94.39999999999999,
      "n": 150
    },
    "para": {
      "exact_match_percent": 81.33333333333333,
      "f1_percent": 90.46666666666667,
      "n": 150
    },
    "para_dist": {
      "exact_match_percent": 78.66666666666666,
      "f1_percent": 89.66984126984127,
      "n": 150
    }
  },
  "paths": {
    "per_run_csv": "src/results_50/gpt4o/metrics/per_run_v2.csv",
    "aggregated_items_csv": "src/results_50/gpt4o/metrics/aggregated_items_v2.csv",
    "summary_csv": "src/results_50/gpt4o/metrics/summary_v2.csv"
  }
}