domain,bertscore_gold_median,bertscore_dist_median,drop_dist_pp_median,bertscore_gold_median_percent,bertscore_dist_median_percent
geography,0.9999982118606567,0.9999964535236359,0.0,99.99982118606567,99.99964535236359
history,0.9999996423721313,0.9999996423721313,0.0,99.99996423721313,99.99996423721313
literature,0.9999982416629791,0.999995768070221,0.0,99.99982416629791,99.9995768070221
politics,0.9084671437740326,0.9204756915569305,0.0,90.84671437740326,92.04756915569305
science,0.8787621259689331,0.8787621259689331,0.0,87.87621259689331,87.87621259689331
