domain,bertscore_gold_median,bertscore_dist_median,drop_dist_pp_median,bertscore_gold_median_percent,bertscore_dist_median_percent
geography,-0.1708541065454483,-0.1708541065454483,0.0,-17.08541065454483,-17.08541065454483
history,0.10548312216997147,0.10548312216997147,0.0,10.548312216997147,10.548312216997147
literature,0.0623193122446537,0.0623193122446537,0.0,6.23193122446537,6.23193122446537
politics,0.08225283399224281,0.06556575372815132,0.0,8.225283399224281,6.556575372815132
science,-0.08359202370047569,-0.08359202370047569,0.0,-8.35920237004757,-8.35920237004757
