{
  "model": "llama31_8b",
  "n_requests": 600,
  "n_items": 50,
  "bertscore_by_setting_median": {
    "gold": 2.5021879002451897,
    "para": -0.7429291494190693,
    "dist": 2.3729835636913776,
    "para_dist": -0.7429291494190693
  },
  "bertscore_drop_vs_gold_median_pp": {
    "para": 0.0,
    "dist": 0.0,
    "para_dist": 0.0
  }
}