domain,bertscore_gold_median,bertscore_dist_median,drop_dist_pp_median,bertscore_gold_median_percent,bertscore_dist_median_percent
geography,0.9999987483024597,0.9999983906745911,0.0,99.99987483024597,99.9998390674591
history,1.0,0.9999998211860657,0.0,100.0,99.99998211860657
literature,1.0,1.0,0.0,100.0,100.0
politics,0.8456337749958038,0.6220407783985138,0.0,84.56337749958038,62.20407783985138
science,0.9182940423488617,0.9182940423488617,0.0,91.82940423488617,91.82940423488617
