{
  "model": "llama31_8b",
  "n_requests": 600,
  "n_items": 50,
  "bertscore_by_setting_median": {
    "gold": 99.99996423721313,
    "para": 99.99996423721313,
    "dist": 99.99996423721313,
    "para_dist": 99.99996423721313
  },
  "bertscore_drop_vs_gold_median_pp": {
    "para": 0.0,
    "dist": 0.0,
    "para_dist": 0.0
  }
}