domain,bertscore_gold_median,bertscore_dist_median,drop_dist_pp_median,bertscore_gold_median_percent,bertscore_dist_median_percent
geography,0.9999991059303284,0.9999991059303284,0.0,99.99991059303284,99.99991059303284
history,1.0,1.0000007152557373,0.0,100.0,100.00007152557373
literature,1.0,0.9999998211860657,0.0,100.0,99.99998211860657
politics,1.0,1.0,0.0,100.0,100.0
science,0.9999998211860657,0.9999996423721313,0.0,99.99998211860657,99.99996423721313
