{
  "model": "llama31_8b",
  "n_requests": 600,
  "n_items": 50,
  "bertscore_by_setting_median": {
    "gold": 2.502170205116272,
    "para": -0.7429644698277116,
    "dist": 1.3292840216308832,
    "para_dist": 0.8948948001489043
  },
  "bertscore_drop_vs_gold_median_pp": {
    "para": 0.0,
    "dist": 0.0,
    "para_dist": 0.0
  }
}