domain,bertscore_gold_median,bertscore_dist_median,drop_dist_pp_median,bertscore_gold_median_percent,bertscore_dist_median_percent
geography,-0.17085428535938263,-0.17085428535938263,0.0,-17.085428535938263,-17.085428535938263
history,0.10548294708132744,0.10548294708132744,0.0,10.548294708132744,10.548294708132744
literature,0.0623193122446537,0.0623193122446537,0.0,6.23193122446537,6.23193122446537
politics,0.08225283399224281,0.07066135108470917,0.0,8.225283399224281,7.066135108470917
science,-0.08359202742576599,-0.08359202742576599,0.0,-8.3592027425766,-8.3592027425766
