{
  "model": "mistral7b",
  "n_requests": 600,
  "n_items": 50,
  "bertscore_by_setting_median": {
    "gold": 99.99987483024597,
    "para": 99.99985694885254,
    "dist": 99.9998927116394,
    "para_dist": 99.99985694885254
  },
  "bertscore_drop_vs_gold_median_pp": {
    "para": 0.0,
    "dist": 0.0,
    "para_dist": 0.0
  }
}