domain,bertscore_gold_median,bertscore_dist_median,drop_dist_pp_median
geography,0.9999978840351105,0.9999982118606567,0.0
history,0.9999996423721313,0.9999996423721313,0.0
literature,0.9999991059303284,0.9999991059303284,0.0
politics,0.9999983906745911,0.9999983906745911,0.0
science,1.0,1.0,0.0
