domain,bertscore_gold_median,bertscore_dist_median,drop_dist_pp_median,bertscore_gold_median_percent,bertscore_dist_median_percent
geography,0.999999463558197,0.999999463558197,0.0,99.9999463558197,99.9999463558197
history,1.0000007152557373,1.0000007152557373,0.0,100.00007152557373,100.00007152557373
literature,1.0,1.0,0.0,100.0,100.0
politics,1.0,1.0,0.0,100.0,100.0
science,0.9999991059303284,0.9999991059303284,0.0,99.99991059303284,99.99991059303284
