domain,bertscore_gold_median,bertscore_dist_median,drop_dist_pp_median
geography,-0.17085446417331696,-0.17085446417331696,0.0
history,0.10548294708132744,0.10548294708132744,0.0
literature,0.0623193122446537,0.0623193122446537,0.0
politics,0.08225283399224281,0.07066135108470917,0.0
science,-0.08359202742576599,-0.08359202742576599,0.0
