domain,bertscore_gold_median,bertscore_dist_median,drop_dist_pp_median,bertscore_gold_median_percent,bertscore_dist_median_percent
geography,0.999998927116394,0.9999982118606567,0.0,99.9998927116394,99.99982118606567
history,1.0,1.0,0.0,100.0,100.0
literature,1.0,1.0,0.0,100.0,100.0
politics,0.9999998211860657,0.987991601228714,0.0,99.99998211860657,98.7991601228714
science,0.9999996423721313,0.9999998211860657,0.0,99.99996423721313,99.99998211860657
