domain,bertscore_gold_median,bertscore_dist_median,drop_dist_pp_median,bertscore_gold_median_percent,bertscore_dist_median_percent
geography,0.991663247346878,0.9999961256980896,0.0,99.1663247346878,99.99961256980896
history,0.9999996423721313,0.9999996423721313,0.0,99.99996423721313,99.99996423721313
literature,0.9999980628490448,0.9999980628490448,0.0,99.99980628490448,99.99980628490448
politics,0.9879893064498901,0.9319297969341278,0.0,98.79893064498901,93.19297969341278
science,0.8787614405155182,0.8787614405155182,0.0,87.87614405155182,87.87614405155182
