{
  "model": "gpt4o",
  "n_requests": 600,
  "n_items": 50,
  "bertscore_by_setting_median": {
    "gold": 99.99973773956299,
    "para": 99.99973773956299,
    "dist": 99.99973773956299,
    "para_dist": 99.16628897190094
  },
  "bertscore_drop_vs_gold_median_pp": {
    "para": 0.0,
    "dist": 0.0,
    "para_dist": 0.0
  }
}