domain,bertscore_gold_median,bertscore_dist_median,drop_dist_pp_median,bertscore_gold_median_percent,bertscore_dist_median_percent
geography,0.9999978840351105,0.9999982118606567,0.0,99.99978840351105,99.99982118606567
history,0.9999996423721313,0.9999996423721313,0.0,99.99996423721313,99.99996423721313
literature,0.9999991059303284,0.9999991059303284,0.0,99.99991059303284,99.99991059303284
politics,0.9999983906745911,0.9999983906745911,0.0,99.9998390674591,99.9998390674591
science,1.0,1.0,0.0,100.0,100.0
