{
  "model": "gemini_pro",
  "n_requests": 600,
  "n_items": 50,
  "bertscore_by_setting_median": {
    "gold": 99.99992847442627,
    "para": 99.9998927116394,
    "dist": 99.99991059303284,
    "para_dist": 99.9998927116394
  },
  "bertscore_drop_vs_gold_median_pp": {
    "para": 0.0,
    "dist": 0.0,
    "para_dist": 0.0
  }
}