domain,bertscore_gold_median,bertscore_dist_median,drop_dist_pp_median
geography,0.999998927116394,0.999998927116394,0.0
history,0.9999996423721313,0.9999996423721313,0.0
literature,1.0000001788139343,1.0000001788139343,0.0
politics,0.9999991059303284,0.9999985694885254,0.0
science,0.9999987483024597,0.9999987483024597,0.0
